CountyFIPS,Name,PovertyEstimateAllAges,PovertyPercentAllAgesRate(%),populationest2019,RateofDeath(%),medianhouseholdincome($),O3-8hr(ppm),PM10-24hr(ug/m3),PM2.5-24hr(ug/m3),SO2-1hr(ppb),UnemploymentRate(%),PercentofAdultsWithLessThanAhighSchoolDiploma(%),PercentofAdultsWithAHighSchoolDiplomaOnly(%),PercentofAdultsCompletingSomeCollegeOrAssociate'sDegree(%),PercentOfAdultsWithAbachelor'sDegreeOrHigher(%),,CountyFIPS,Beneficiaries with Part A and Part B,PercentOfAfricanAmericanBeneficiaries(%),PercentOfHispanicBeneficiaries(%),ActualPerCapitaCost($),Number of Acute Hospital Readmissions,HospitalReadmissionRateOfBeneficiaries(%),Emergency Department Visits,PercentageofBeneficiariesWithAnEDVisit(%)
01003,Baldwin County,22360,10.1,223234,10.54662438,59871,0.057,98.56603774,17,11.17837838,2.8,9.193842888,27.65961647,31.28408051,31.86245918,,01003,51793,3.69,1.13,9559.28,1037,15.81,15681,31.1
01049,DeKalb County,12848,18.2,71513,11.46095718,44277,0.057,98.56603774,17,11.17837838,2.8,25.15524101,34.23838425,27.59116554,13.01521111,,01049,151738,1.52,1.39,9396.27,348,15.43,6140,33.33
01055,Etowah County,18801,18.8,102268,14.51588499,43047,0.053,98.56603774,23,11.17837838,3.4,15.44730091,32.85762024,33.90437698,17.79070473,,01055,142008,11.38,0.64,11478.94,895,18.93,10435,35.23
01073,Jefferson County,104288,16.2,658573,11.14262346,54127,0.062,83,25,12,2.9,9.935452461,26.37862015,30.30597496,33.37995148,,01073,5710,31.48,0.62,11393.94,2588,19.48,34313,33.49
01089,Madison County,41789,11.5,372909,8.93348272,68609,0.057,37,17,11.17837838,2.6,8.299160004,20.63529205,28.30844307,42.75710297,,01089,8651,15.57,1.25,9874.41,1662,16.8,25714,31.69
01097,Mobile County,71784,17.7,413210,11.06492665,49492,0.054,98.56603774,16,11,3.7,13.53330612,33.96775055,29.29944992,23.1994915,,01097,3795,25.07,0.95,10898,1814,19.78,19078,30.64
01101,Montgomery County,34268,15.8,226486,9.554294797,52711,0.053,25,24,11.17837838,3.1,13.2682476,25.00365257,28.35226059,33.37583923,,01101,29276,40.07,0.66,10089.04,977,20.22,12956,31.42
01103,Morgan County,16146,13.7,119679,11.01799215,54355,0.057,98.56603774,16,11.17837838,2.6,15.9278841,30.4020462,31.26894379,22.40112495,,01103,2509,7.99,1.18,9983.03,713,16.1,10734,32.26
01113,Russell County,10823,18.9,57961,10.50585339,43670,0.054,98.56603774,19,11.17837838,3,16.17934227,31.44141769,34.55550003,17.82374191,,01113,4446,32.5,1.46,10042.56,265,18.18,4455,33.51
01125,Tuscaloosa County,32226,16.2,209355,8.963928806,52307,0.052,98.56603774,17,11.17837838,2.7,11.65075588,29.8939991,27.72439957,30.73084641,,01125,13302,25.57,0.56,10669.51,964,17.76,12922,32.33
02090,Fairbanks North Star Borough,6656,7.2,96849,5.178748708,74076,0.043,43,71,30,4.7,5.507227421,22.62555313,40.49574661,31.37147141,,02090,149964,2.92,1.72,7923.95,136,10.95,5977,25.58
04012,La Paz County,4593,22.1,21108,14.7104183,39407,0.064,148,11,11.17837838,5.7,23.06110954,31.14682579,33.78184891,12.01021576,,04012,4091,0.5,6.42,10235.71,138,16.18,2778,33.25
04013,Maricopa County,539670,12.2,4485414,7.431071094,68634,0.087,199,37,7,4.9,12.27414799,22.39362335,32.63415527,32.69807053,,04013,3468,3.14,6.92,10537.82,11302,16.17,193398,29.01
04019,Pima County,142859,14,1047279,9.78869228,56150,0.072,211,14,1,4.2,11.61551857,22.24790764,33.75336456,32.38320923,,04019,5720,2.21,8.54,8939.38,3075,16.34,49757,26.15
04021,Pinal County,52975,12.1,462789,7.321939984,62067,0.08,624,41,11.17837838,5.9,14.23302937,29.26578331,36.96906281,19.53212357,,04021,731,2.62,8.17,10189.54,1267,16.29,23248,29.93
04027,Yuma County,41782,20.4,213787,8.053615547,47024,0.067,179,23,11.17837838,5,26.74695969,25.70783997,32.51909256,15.0261097,,04027,14666,1.24,29.56,10530.4,664,14.8,14407,29.02
05035,Crittenden County,10520,22.4,47955,11.08827011,41976,0.069,98.56603774,17,11.17837838,4.3,17.38947868,34.77249908,30.40010262,17.43791771,,05035,16711,38.32,0.63,12214.21,435,22.1,5246,35.72
05119,Pulaski County,56020,14.6,391911,9.683234481,52684,0.064,35,24,5,4.2,9.6485672,25.95692825,30.07928276,34.31521988,,05119,7112,23.61,1.13,9582.95,2272,19.07,32802,29.75
05143,Washington County,34731,15.1,239187,6.721339728,52158,0.055,33,16,11.17837838,4.7,14.99858189,25.72553253,25.96524811,33.31063843,,05143,5842,1.38,3.45,8672.62,651,15.14,12973,29.01
06001,Alameda County,146315,8.9,1671329,6.557052921,107589,0.071,98.56603774,65,5,5.2,11.55695343,17.56516457,23.45543671,47.4224472,,06001,3201,14.86,12.65,13065.98,3987,18.58,70841,29.54
06007,Butte County,34503,16.1,219186,11.2429787,58394,0.074,325,92,11.17837838,3,10.75459766,22.49761009,39.52979279,27.21800041,,06007,6588,1.15,6.89,11510.15,3171,22.96,30167,32.08
06009,Calaveras County,5477,12.1,45905,11.52800673,68248,0.073,162,97,11.17837838,5.4,9.825528145,28.00447655,43.85043716,18.3195591,,06009,1043,0.58,5.42,10679.91,367,17.87,6920,29.44
06011,Colusa County,2554,12,21547,6.004887699,59048,0.052,210,104,11.17837838,3.9,28.74899483,26.21920013,30.02851486,15.00329018,,06011,6020,1.2,33.32,10050.18,111,16.23,2087,30.02
06013,Contra Costa County,90482,7.9,1153526,7.359231265,106555,0.069,43,66,14,5.2,10.53395844,17.25467491,29.85779572,42.35357285,,06013,1593,9.27,12.61,12787.58,3125,18.26,51917,29.61
06019,Fresno County,200873,20.5,999101,7.500561261,56926,0.09,320,124,5,3.1,24.0395813,22.71223259,32.07434845,21.17383957,,06019,1766,4.47,29.75,11382.47,3243,19.14,47869,27.22
06025,Imperial County,38020,22,181215,5.949197492,48102,0.08,190,34,7,7.4,30.27105522,24.3196373,30.19023895,15.21906948,,06025,9927,1.28,73.08,12834.65,789,18.49,16805,33.65
06029,Kern County,164817,19,900202,7.222011639,53245,0.101,236,81,11.17837838,3.7,25.90484619,27.79718781,29.91749763,16.38046837,,06029,5533,5.17,27.99,12582.04,2656,19.08,42714,30.34
06031,Kings County,21840,16,152940,5.829351805,57297,0.084,323,87,11.17837838,20.9,26.64557266,25.27874565,33.40651703,14.6691637,,06031,4785,3.98,36.53,11057.68,530,18.68,8606,31.29
06033,Lake County,11622,18.3,64386,13.17762601,46897,0.059,114,85,11.17837838,3.6,14.22478771,30.51953697,39.72127533,15.53439903,,06033,1356,2.25,7.24,12500.99,563,17,12144,34.62
06037,Los Angeles County,1319242,13.4,10039107,6.778099333,72721,0.124,169,53,3,8,20.86657333,20.61087036,25.98134613,32.54121017,,06037,1940,8.37,21.01,16403.98,33194,21.11,351717,28.89
06039,Madera County,26309,17.6,157327,6.747101452,61105,0.085,314,88,11.17837838,5.2,28.06709862,24.9192524,32.46178055,14.55186749,,06039,2253,2.87,30.73,9982.12,425,15.53,7897,27.6
06045,Mendocino County,11980,14,86749,9.87654321,52309,0.059,187,62,11.17837838,7,13.46020508,25.04314232,37.05184937,24.44480324,,06045,6541,0.67,7.11,10336.96,552,15.27,14888,32.59
06047,Merced County,46011,17,277680,6.47662056,59733,0.079,123,78,11.17837838,2.4,30.8763752,25.25126648,30.08205032,13.79030895,,06047,14440,4.4,36.01,11508.69,1416,20.21,21731,30.14
06053,Monterey County,52484,12.6,434061,6.317892285,76509,0.057,218,64,11.17837838,8.2,28.48317528,20.314291,26.4967289,24.70580482,,06053,1361,2.73,29.78,11689.87,1895,17.14,31828,28.09
06055,Napa County,9897,7.4,137744,9.25025223,90230,0.06,81,57,11.17837838,7.2,14.4843874,17.78911209,32.00065231,35.72584915,,06055,4342,2.07,15.93,12141.68,572,17.75,11561,34.45
06057,Nevada County,9268,9.4,99755,9.896468486,69550,0.08,98.56603774,90,11.17837838,3.8,5.639473915,18.36447334,38.75,37.24605179,,06057,5848,0.3,3.23,9278.14,502,13.49,12666,27.22
06059,Orange County,297658,9.5,3175692,6.775546254,95761,0.09,120,42,11.17837838,6.4,14.52875423,17.22204781,27.6627636,40.58643341,,06059,542,1.26,10.17,13129.62,7856,18.17,106280,26.27
06061,Placer County,26170,6.6,398329,8.802783501,97688,0.083,213,93,11.17837838,2.9,5.464927673,17.97875023,36.84508514,39.71123886,,06061,1118,1.37,5.81,11001.39,846,12.85,19085,27.28
06065,Riverside County,274953,11.3,2470546,7.38273531,72905,0.104,359,40,2,2.8,17.95894432,26.85494804,32.8805809,22.30552673,,06065,16450,5.72,18.29,12826.94,5558,19.25,78880,29.29
06067,Sacramento County,192993,12.6,1552058,8.003095635,71891,0.078,231,85,3,3.2,12.27566147,22.42139626,34.45273972,30.85020065,,06067,1611,10.82,11.26,12026.47,3919,18.47,70899,30.94
06069,San Benito County,6518,10.4,62808,5.214242607,84209,0.069,116,59,11.17837838,7.8,19.54925728,24.75486374,35.96693802,19.72893906,,06069,2633,0.89,38.04,12574.13,226,16.85,4820,31.25
06071,San Bernardino County,284359,13.3,2180085,7.004171768,67398,0.125,205,43,5,4.2,20.00866318,26.30273438,32.69942856,20.9891758,,06071,2250,9.66,25.37,13737.37,4985,22.2,63609,30.96
06073,San Diego County,335034,10.3,3338330,6.909874133,83576,0.082,158,75,1,3.7,12.5538435,18.23280907,30.40834236,38.80500412,,06073,4214,4.17,15.03,12049.83,8325,18.06,120005,26.44
06075,San Francisco County,82616,9.5,881549,7.216930677,121795,0.048,98.56603774,40,11.17837838,5,11.53466702,12.05111217,18.35315514,58.06106567,,06075,241746,8.2,9.93,12415.9,2529,18.61,43949,28.06
06077,San Joaquin County,101772,13.6,762148,7.708767568,68458,0.068,226,92,11.17837838,3.9,20.71707344,28.33663177,32.18405914,18.76223373,,06077,40584,7.35,23.29,12207.64,2421,19.43,38442,30.82
06079,San Luis Obispo County,31180,11.6,283111,8.703097279,76599,0.08,280,63,2,3.3,8.744181633,19.91400909,35.9647789,35.37702942,,06079,160150,0.77,8.35,9621.57,1175,14.66,28344,27.94
06081,San Mateo County,46328,6.1,766573,6.757188061,135234,0.054,98.56603774,46,11.17837838,2.2,10.4094038,14.85769749,23.75265312,50.9802475,,06081,13675,2.58,11.87,11340.29,1231,14.53,25766,25.42
06083,Santa Barbara County,51298,12,446499,7.369892153,74530,0.072,103,37,3,6,19.05508041,17.81440353,28.969944,34.16057205,,06083,27337,1.76,20.24,10839.62,1507,14.34,34397,28.76
06085,Santa Clara County,116401,6.1,1927852,5.832875022,132444,0.069,91,56,2,2.9,11.62605858,14.09632397,21.87746811,52.4001503,,06085,600549,2.33,12.96,13064.72,4021,18.02,60759,25.67
06087,Santa Cruz County,27531,10.6,273213,6.891458613,85770,0.048,98.56603774,88,11.17837838,2.1,13.6627779,15.51833344,29.9794445,40.83944321,,06087,1796,0.76,16.72,10869.41,960,14.94,18753,23.32
06089,Shasta County,23508,13.3,180080,12.76859493,61464,0.069,100,66,11.17837838,3.7,8.911353111,25.38490677,43.5387764,22.16496468,,06089,976,0.78,3.94,10371.21,1464,16.18,30210,30.7
06093,Siskiyou County,7484,17.4,43539,12.05663172,45954,0.06,98.56603774,85,11.17837838,5,9.768954277,25.48450279,41.56934357,23.17719841,,06093,3271,1.11,4.13,8652.1,219,12.37,7620,29.33
06095,Solano County,39018,9,447643,8.30788656,85704,0.066,170,52,4,4.8,11.5703373,23.8196373,37.6965332,26.9134903,,06095,1497,15.37,16,12139.33,1393,19.22,25323,30.18
06097,Sonoma County,34758,7.2,494336,8.819924691,87084,0.052,134,34,11.17837838,5.4,11.21025085,18.7498951,34.53274918,35.50710678,,06097,5098,1.2,9.25,11867.6,1394,15.44,30641,30.92
06099,Stanislaus County,70741,13,550660,7.857763022,62761,0.08,216,87,11.17837838,6.6,21.09590149,29.32199478,32.51354599,17.06855774,,06099,25570,3.13,25.38,11861.59,1909,19.18,29583,32.39
06101,Sutter County,12310,12.8,96971,8.628225886,60910,0.083,246,91,11.17837838,3.8,21.83278465,23.33375931,36.59183121,18.24162483,,06101,5722,2.07,14.71,11593.99,600,17.33,9330,28.29
06103,Tehama County,10484,16.3,65084,10.2399653,51672,0.074,151,87,11.17837838,2.7,15.46180153,30.12998772,38.74572372,15.66248608,,06103,5217,0.57,8.67,10138.13,459,16.09,10352,33.13
06107,Tulare County,86940,18.9,466195,6.895262488,56776,0.095,270,83,11.17837838,7.5,29.1596489,25.54403687,30.66692162,14.62939167,,06107,3313,1.29,37.43,11030.22,1843,18.75,26857,27.75
06111,Ventura County,68482,8.2,846006,7.367715217,91446,0.085,162,32,11.17837838,5.6,14.95336246,19.15404129,32.09862137,33.79397583,,06111,4650,1.72,20.57,12939.56,3522,18.35,49651,28.32
06113,Yolo County,35608,16.9,220500,6.291163775,70951,0.066,116,134,11.17837838,9.9,13.46464348,18.09446144,27.01707077,41.42382431,,06113,3495,2.56,22.06,10598.73,439,16.04,9643,29.91
08001,Adams County,47464,9.3,517421,6.236543462,75341,0.078,113,28,6,4.2,16.21871758,28.61297417,30.90037155,24.26793671,,08001,2908,3.38,22.37,10524.28,808,17.15,14815,31.54
08005,Arapahoe County,47072,7.2,656590,6.342160232,82364,0.083,98.56603774,24,11.17837838,2.7,7.385238647,20.83985138,29.02301216,42.7518959,,08005,2013,7.5,6.19,11071.32,1385,16.01,23452,30.1
08013,Boulder County,33965,10.7,326196,5.946234973,88341,0.076,74,52,11.17837838,3,4.98037672,11.71112347,21.23193359,62.0765686,,08013,3222,0.78,4.94,9236.82,581,12.98,12587,26.4
08031,Denver County,86020,12.1,727211,6.920793972,75456,0.078,104,39,7,4.1,11.97873878,16.84508896,21.73836899,49.43780136,,08031,3798,11.4,13.52,10821.98,1281,17.47,22592,29.91
08035,Douglas County,9622,2.7,351154,4.301707285,123697,0.083,98.56603774,42,11.17837838,3.2,1.874332309,12.04116535,28.06720161,58.01729965,,08035,1708,1.02,2.83,10597.4,632,14.45,10661,26.87
08041,El Paso County,61692,8.8,720403,6.764435683,72675,0.079,50,21,9,2.3,5.751412868,20.42400742,35.3069458,38.51763535,,08041,2780,5.61,6.48,9123.17,1478,13.36,36530,30.55
08069,Larimer County,35894,10.3,356899,6.487091536,75332,0.075,98.56603774,47,11.17837838,1.6,4.14309454,18.97110558,29.62162781,47.2641716,,08069,4426,0.35,3.73,9229.46,927,15.13,18794,27.43
08077,Mesa County,16840,11.2,154210,9.864533583,60249,0.065,71,20,11.17837838,3.8,9.454374313,27.61533546,34.71595764,28.21433449,,08077,39760,0.44,6.1,7885.35,392,12.9,10400,26.19
08123,Weld County,26547,8.4,324492,5.80628712,78160,0.076,98.56603774,37,11.17837838,1.7,11.90648174,27.32268333,33.24158096,27.52925682,,08123,2480,0.5,14.07,9731.39,688,15.09,14163,30.73
09001,Fairfield County,83047,9,943332,7.375604235,96966,0.077,48,25,3,2.5,9.979247093,21.47990417,20.59957886,47.94126892,,09001,5716,6.93,7.2,13138.24,4035,17.97,59952,32.34
09003,Hartford County,93694,10.8,891720,9.275346074,75336,0.064,45,20,11.17837838,1.5,10.31510448,26.6224556,24.95515251,38.10728836,,09003,12434,8.2,7.57,13029.13,3974,19.43,57710,35.14
09005,Litchfield County,12741,7.1,180333,10.17076707,81015,0.063,29,13,1,3.6,7.043582439,29.8724556,27.68182755,35.40213394,,09005,3713,1.13,1.95,12245.41,983,16.63,16557,34.22
09011,New London County,19739,7.8,265206,9.486519998,75226,0.071,59,17,11.17837838,3.3,7.674627781,29.54133034,29.45939827,33.32464218,,09011,2836,3.88,4.24,12836.76,1548,17.86,27713,38.65
10003,New Castle County,56289,10.4,558753,8.80764452,76076,0.063,98.56603774,17,11.17837838,3.9,8.356333733,30.84398079,24.63542747,36.16425705,,10003,93969,17.98,3.03,11538.54,3465,18.05,46988,29.92
12001,Alachua County,46916,18.4,269043,7.737583985,49880,0.06,98.56603774,16,11.17837838,5.4,7.388891697,21.2261467,28.07123756,43.31372452,,12001,40702,14.34,3.18,11481.85,1786,21.14,19453,33.03
12009,Brevard County,55578,9.4,601942,12.47634998,57582,0.058,85,17,11.17837838,3.3,7.793020248,28.27252388,33.76921844,30.16523933,,12009,149964,6.11,4.16,11033.79,3529,17.15,52373,31.06
12011,Broward County,237486,12.3,1952778,8.223889651,61429,0.067,79,18,1,3.9,11.04694176,27.34555054,29.1974144,32.41009521,,12011,305868,13.23,12.05,14128.22,7265,21.44,86663,34
12031,Duval County,126963,13.5,957755,9.289726695,58339,0.057,98,18,16,3.4,10.20036411,27.81887817,31.93623161,30.04452515,,12031,156079,18.78,3.74,12628.14,5482,19.85,66130,34.62
12033,Escambia County,46519,15.5,318316,11.16478798,52822,0.058,98.56603774,20,4,3.7,9.521914482,27.21724701,36.72684097,26.53399658,,12033,67804,14.02,1.97,10816.99,2048,17.67,32641,35.32
12057,Hillsborough County,195684,13.5,1471968,8.000309178,61133,0.065,57,18,42,6.3,11.33461952,27.11968231,28.024786,33.52091217,,12057,223961,10.64,12.08,12611.72,5970,19.73,69749,33.22
12073,Leon County,58203,20.8,293582,6.646857096,55081,0.055,98.56603774,18,11.17837838,3.1,6.478809357,19.00849533,28.28658104,46.22611237,,12073,41160,20.89,2.21,10743.19,1086,20.51,13747,35.55
12086,Miami-Dade County,419056,15.7,2716940,7.985943502,54991,0.06,87,16,1,3.3,18.5518589,27.27969551,24.38281441,29.78563309,,12086,450443,11.36,49.31,16893.99,8386,23.38,89157,35.08
12095,Orange County,171599,12.6,1393452,6.407225679,63133,0.062,41,17,4,3.1,11.46692467,24.36809921,29.57578468,34.58919144,,12095,175144,13.24,12.98,12828.42,5330,21.21,53100,31.85
12099,Palm Beach County,168026,11.4,1496770,10.37707164,66621,0.059,87,21,11.17837838,3.7,11.51069832,24.00349236,27.79343987,36.69237137,,12099,311038,5.45,4.93,13364.23,8749,18.19,109486,31.01
12103,Pinellas County,108948,11.4,974996,13.17519946,56708,0.064,60,18,6,3.5,8.712347984,27.96373367,31.61508751,31.70882988,,12103,234945,5.07,3.22,12824.63,6387,19.38,76339,33.21
12105,Polk County,99590,14,724777,10.11196235,51817,0.062,47,19,13,3.4,14.95004845,34.7336998,30.14796257,20.16828918,,12105,151738,7.49,5.94,11414.82,3758,19.65,42051,32.13
12115,Sarasota County,33144,7.8,433742,14.24766095,66258,0.06,56,18,11.17837838,2.8,6.905650139,28.91472435,28.76279831,35.41682816,,12109,54432,3.05,2.55,10769.18,1378,16.04,20151,29
12117,Seminole County,43741,9.3,471826,7.813198177,69954,0.06,43,16,11.17837838,4.1,5.711937904,21.13580132,33.5579834,39.59427643,,12111,77406,9.8,6.18,12067.33,2695,21.09,31195,35.26
12127,Volusia County,70554,13.1,553284,13.05820982,53554,0.059,50,17,11.17837838,3.5,9.494902611,31.76662254,35.04929352,23.68918419,,12127,143974,4.68,4.79,10996.64,2944,17.78,42706,32.76
13021,Bibb County,33912,23.2,153159,11.40291836,43066,0.054,98.56603774,18,2,3.4,14.00866604,30.48703575,30.11377907,25.3905201,,13021,29276,35.28,0.69,11983.01,991,21.22,15902,42.02
13051,Chatham County,40565,14.8,289430,8.88357334,57122,0.054,98.56603774,18,64,3.6,10.09921169,24.22143555,32.09918976,33.58016205,,13051,47612,24.28,1.53,10550.32,1085,18.06,17241,31.19
13059,Clarke County,30277,25.7,128331,6.306753939,41036,0.056,98.56603774,20,11.17837838,4.6,12.02160358,19.9072113,24.07282066,43.99836349,,13059,16184,22.27,1.93,9942.41,319,14.78,6501,30.74
13067,Cobb County,62275,8.3,760141,6.224727297,79622,0.056,98.56603774,24,11.17837838,7,7.908668041,18.51032829,26.20283508,47.37817001,,13067,95276,13.68,2.87,10548.6,2504,18.45,31421,28.16
13089,DeKalb County,95805,12.9,759297,6.641117472,63606,0.061,68,22,2,3.4,10.67234898,20.86734962,24.30413628,44.15616608,,13087,5624,28.91,0.83,10309.15,157,16.47,2874,36.4
13121,Fulton County,141979,13.8,1063937,7.017749666,79235,0.063,33,25,3,4,7.433854103,17.70223427,21.97857475,52.88533783,,13121,122873,34.66,1.78,11771.78,3274,20.92,40390,29.8
13135,Gwinnett County,85810,9.2,936250,5.07515882,72225,0.066,98.56603774,21,11.17837838,3.5,12.34132957,22.31493378,28.41047668,36.93325806,,13135,95445,16.65,5.44,10747.4,2009,19.05,26326,28.36
13215,Muscogee County,34694,18.4,195769,9.857977422,47035,0.053,98.56603774,23,11.17837838,5.2,11.95287132,27.36410713,34.9234314,25.75959015,,13215,33672,38.53,2.77,10193.39,802,17.7,13567,31.67
13245,Richmond County,41081,21.7,202518,10.09438747,44810,0.056,39,23,58,5.2,15.85816669,31.37394524,31.35500717,21.41287994,,13245,34943,44.54,1.97,10444.36,866,20.44,10758,27.1
15003,Honolulu County,74282,7.9,974563,8.795443766,86946,0.045,38,7,57,3.9,8.138725281,25.90086174,30.95556831,35.00484467,,15003,160150,1.33,5.53,8891.68,1574,15.17,36880,26.03
16001,Ada County,44023,9.4,481587,6.429203526,72295,0.065,115,37,2,2.4,4.839291096,22.36734772,34.26742935,38.5259285,,16001,76470,0.5,2.6,8380.17,861,13.75,19868,28.4
17019,Champaign County,38566,19.9,209689,6.620480593,53485,0.069,98.56603774,17,3,3.9,5.000656128,22.02207184,27.95333099,45.02394104,,17021,7534,0.34,0.36,10729.51,269,17.14,4403,37.03
17031,Cook County,659687,13,5150233,8.221508743,69375,0.079,149,23,14,3,12.87443066,23.12009621,25.19054604,38.81492615,,17033,4362,0.51,0.41,9947.78,162,18.04,2865,35.15
17089,Kane County,43305,8.2,532403,6.504413105,84311,0.073,98.56603774,21,11.17837838,3.9,15.39588451,22.74866867,28.717062,33.13838577,,17091,20823,9.08,2.89,12145.86,928,19,11864,34.55
17111,McHenry County,16380,5.4,307774,7.136074023,89379,0.076,98.56603774,17,11.17837838,4.2,6.854381561,26.50248718,32.19926071,34.44386673,,17119,52575,5.86,1.22,10791.19,1891,20.48,25777,36.89
17113,McLean County,23034,14.3,171517,7.245723657,69230,0.07,98.56603774,19,11.17837838,4.4,4.052236557,24.60913277,26.50647163,44.83215714,,17121,9074,3.43,0.61,11974.83,448,17.02,6615,36.57
17115,Macon County,16762,16.7,104009,11.73068346,52259,0.065,98.56603774,18,39,3.5,9.584462166,35.40804291,32.91976547,22.0877285,,17123,2920,0.53,0.8,9539.44,123,20.26,1327,30.31
17119,Madison County,28284,10.9,262966,11.17284513,66591,0.069,73,26,7,5,7.549016476,29.82837486,35.79578018,26.826828,,17127,3615,5.87,0.37,10267.7,178,16.42,2811,38.63
18019,Clark County,11267,9.7,118302,10.16206671,59441,0.062,39,22,11.17837838,3,10.55473709,34.60323715,33.66443253,21.17759323,,18023,6237,0.28,2.33,10151.91,158,15.37,3073,34.29
18035,Delaware County,22680,21.5,114135,10.39258948,45912,0.062,98.56603774,17,11.17837838,2.7,10.27308559,35.12809753,30.86711693,23.7317009,,18039,32866,4.06,3.14,10564.43,614,14.29,12310,29.76
18039,Elkhart County,19316,9.6,206341,8.102767758,55782,0.062,98.56603774,20,11.17837838,3.8,19.22813034,34.74341583,26.27828979,19.75016403,,18043,15200,3.4,0.6,10732.91,561,18.74,7366,32.83
18055,Greene County,4242,13.5,31922,13.00386052,51918,0.064,98.56603774,17,11.17837838,2.5,12.05851364,41.14391327,31.94517708,14.85239887,,18059,14455,1.62,0.81,10112.8,312,16.86,5243,30.71
18057,Hamilton County,14199,4.2,338011,5.65894883,107710,0.063,98.56603774,20,11.17837838,3.6,3.213593483,14.92787552,22.54230118,59.31623077,,18061,8217,0.36,0.36,12524.62,312,18.42,4021,32.24
18067,Howard County,9880,12.2,82544,11.52905626,54048,0.064,98.56603774,15,11.17837838,2.6,10.4926033,35.90369034,32.0499115,21.55379677,,18071,8676,0.44,0.76,8628.58,129,13.31,3934,33.64
18089,Lake County,69073,14.5,485493,10.36978843,57280,0.074,59,20,32,2.7,11.34349251,35.06353378,31.0261631,22.56681252,,18093,10367,0.27,0.43,9274.26,225,14.41,5359,34.48
18095,Madison County,16056,13.1,129569,11.15218683,54145,0.059,98.56603774,19,11.17837838,4.2,11.59080791,39.43161774,30.57393456,18.40364075,,18099,9066,0.31,2.57,9049.34,132,12.29,3020,30.89
18141,St. Joseph County,39848,15.3,271826,9.06414541,53881,0.067,98.56603774,22,11.17837838,3.1,11.47294426,30.74456024,28.20838928,29.57410622,,18147,4386,0.56,0.53,9226.19,113,14.97,1797,29.75
18163,Vanderburgh County,25190,14.4,181451,10.42002808,51603,0.067,36,19,7,2.6,9.919473648,32.49663544,30.57174492,27.0121479,,18167,21306,3.57,0.68,11269.24,777,17.01,12278,34.5
19045,Clinton County,6009,13.1,46429,11.15585898,56865,0.062,98.56603774,22,19,2.8,9.096477509,38.75650787,34.23277283,17.91424179,,19045,10435,1.3,0.57,9380.94,249,15.29,5139,31.48
19113,Linn County,24600,11.1,226706,7.960766373,64783,0.064,62,21,43,2.2,5.506293297,27.03729439,34.31901932,33.13739014,,19113,39760,2.12,0.83,8835.35,886,15.42,15634,30.95
19153,Polk County,48468,10.1,490161,7.336110673,67331,0.057,61,17,11.17837838,2.3,8.479335785,24.46357536,30.34726143,36.70982742,,19153,70615,3.33,1.95,8611.85,1688,16.14,24860,26.59
19163,Scott County,20016,11.8,172943,8.728951311,65724,0.061,159,20,4,2.9,7.171423912,29.61916351,31.41672897,31.79268456,,19163,31432,4.43,2.12,9685.73,897,17.86,14056,31.55
20091,Johnson County,31666,5.3,602401,6.780349979,91913,0.055,54,19,11.17837838,3.1,4.040813923,14.45624352,25.52226257,55.98067856,,20091,89513,2.28,1.89,10188.99,2474,17.04,33576,30
20133,Neosho County,2426,15.7,16007,10.67682318,49533,0.057,103,21,3,2.9,9.213212013,32.5477829,40.146595,18.09241104,,20133,3486,0.98,2.09,10954.38,124,15.21,2950,36.17
20191,Sumner County,2542,11.4,22836,10.99116781,53618,0.059,139,24,3,2.5,7.710041046,34.90010071,34.10604477,23.28381157,,20191,4779,0.68,2.3,9172.1,104,12.59,2130,28.65
20209,Wyandotte County,33777,20.6,165429,8.604686319,47292,0.063,89,27,5,3.9,21.12592506,32.09784317,28.64230156,18.13393021,,20209,22911,25.16,8.07,12277.98,899,21.03,8954,34.86
21019,Boyd County,9186,20.6,46718,12.70077651,50017,0.059,40,16,5,3.3,11.78867722,33.86203003,34.96144867,19.38784409,,21019,11438,1.09,0.31,11058.43,442,18.95,6584,37.53
21037,Campbell County,9833,10.9,93584,9.48419657,66520,0.063,98.56603774,16,10,4.8,9.242602348,28.22541428,26.21458244,36.31740189,,21037,15992,1.34,0.33,11093.33,509,18.15,5778,33.06
21047,Christian County,12219,18.9,70461,8.882718367,46390,0.059,98.56603774,21,11.17837838,8,14.44633102,31.04534149,36.40121078,18.1071167,,21047,10910,19.94,1.42,10530.71,390,18.31,6656,34.97
21059,Daviess County,15213,15.4,101511,10.31651136,52620,0.065,98.56603774,19,12,4.7,9.997639656,34.12799072,32.93157959,22.94279099,,21059,21226,3.16,0.59,10053.43,605,16.57,9695,32.72
21067,Fayette County,47657,15.4,323152,7.450687601,58981,0.06,21,17,3,7.9,8.774475098,19.60013771,27.97542381,43.64996338,,21067,45018,10.65,1.19,10016.68,1035,18.42,15607,29.54
21093,Hardin County,11476,10.7,110958,8.786956974,57711,0.06,98.56603774,15,11.17837838,6.3,9.458140373,30.42556763,38.10865021,22.00764084,,21093,19429,9.15,1.97,9369.91,645,18.83,9526,32.34
21111,Jefferson County,106552,14.2,766757,10.09083577,59025,0.071,47,22,15,4.4,9.389695168,26.70121002,30.46734428,33.44174957,,21111,138323,12.88,0.94,10261.08,3959,18.5,53068,32.43
21145,McCracken County,9947,15.5,65418,12.59131765,48219,0.064,27,23,7,3.9,9.544851303,31.3576107,34.85557556,24.24196243,,21151,15724,3.03,0.58,9596.87,342,17.92,6706,35.29
21195,Pike County,13523,24,57876,13.88697924,36875,0.053,98.56603774,14,11.17837838,3.7,23.02503967,39.40455246,24.52075577,13.0496521,,21195,16259,0.32,0.23,10603.92,784,24.4,10852,40.98
21199,Pulaski County,14392,22.5,64979,12.21027608,43568,0.056,98.56603774,14,11.17837838,5.5,17.17601204,35.66082001,30.68695259,16.47621536,,21199,16264,1.12,0.43,9472,444,17.82,7610,33.28
21227,Warren County,19308,15.4,132896,7.585929618,53238,0.057,98.56603774,16,11.17837838,4.2,11.88691139,26.63949585,29.25269508,32.22089767,,21227,19697,6.48,1.08,9817.85,559,16.51,8816,33.41
22017,Caddo Parish,56480,24.1,240204,11.34074615,45613,0.055,98.56603774,23,11.17837838,5.7,12.98288727,33.72090912,29.75051689,23.54568672,,22017,46974,36.36,1.01,12543.08,1912,21.19,24554,35.28
22019,Calcasieu Parish,37742,18.9,203436,10.08329788,53050,0.064,98.56603774,22,21,4.1,13.1672039,34.07179642,30.49913788,22.26185989,,22019,35196,20.87,1.44,10862.9,989,16.28,20230,33.26
22033,East Baton Rouge Parish,76011,17.7,440059,8.846898994,56303,0.066,62,20,19,6.2,9.523452759,27.28303146,28.2620697,34.93144608,,22033,70793,33.42,1.68,11447.81,1339,18.33,20270,28.94
22047,Iberville Parish,5370,18.7,32511,9.600637998,55198,0.069,98.56603774,17,11.17837838,5.6,20.35597992,41.33709717,24.40633774,13.90058613,,22047,6050,40.83,2.13,13022.5,111,18.05,2111,37.84
22051,Jefferson Parish,62709,14.6,432493,10.0302755,55909,0.063,98.56603774,18,11.17837838,5.7,14.33013439,30.80576324,28.01907539,26.84502602,,22051,83199,21.04,6.53,11109.03,1368,20.3,20518,33.16
22073,Ouachita Parish,35315,23.9,153279,10.70651291,43235,0.057,98.56603774,18,11.17837838,5.8,13.4634409,34.10619736,28.20685196,24.22351074,,22073,27225,23.61,0.72,12291.21,1044,20.28,13994,33.81
22087,St. Bernard Parish,8967,19.2,47244,8.465923594,45806,0.059,53,21,45,6,19.81306648,32.62765121,35.99312973,11.56615353,,22087,6271,16.48,9.05,12753.61,162,22.75,2394,40.47
22121,West Baton Rouge Parish,3734,14.4,26465,8.24742268,65344,0.068,98.56603774,21,37,5.7,12.81804276,37.19612503,27.99909401,21.98674011,,22121,4297,35.01,1.42,10176.18,61,17.18,1157,32.76
24033,Prince George's County,76853,8.7,909327,7.534033446,85357,0.065,17,13,1,3.9,13.25952435,25.82244301,27.83924103,33.07879257,,24033,110408,65,4.89,12582.39,4223,20.93,58629,31.35
24043,Washington County,17545,12.3,151049,10.73233788,59785,0.057,98.56603774,18,11.17837838,6,12.7922802,36.460186,28.81546211,21.93206978,,24043,29361,4.86,1.27,11400.4,1077,17.63,16926,31.8
25003,Berkshire County,13321,11.2,124944,11.64065459,58805,0.054,98.56603774,17,11.17837838,3,8.653970718,29.35181618,28.35859489,33.6356163,,25003,32994,1.8,1.31,11796.3,1370,18.99,23536,36.49
25005,Bristol County,62413,11.3,565217,9.540347239,69857,0.066,98.56603774,17,3,4,14.30597115,29.93241119,27.10334396,28.6582737,,25005,113422,2.53,6.91,12408.14,5250,20.92,72162,35.89
25009,Essex County,68255,8.8,789034,8.807919265,83253,0.059,98.56603774,14,11.17837838,3.9,10.72690201,25.0527668,24.36855698,39.85177612,,25009,145926,1.52,8.11,12362.31,5797,19.84,73495,33.09
25011,Franklin County,6403,9.3,70180,9.986433792,60143,0.052,98.56603774,20,11.17837838,4.3,6.72110796,28.45745659,27.52041626,37.30102158,,25011,17294,0.87,1.44,10137.21,557,18.68,8736,31.54
25013,Hampden County,62331,13.8,466372,9.705164962,59918,0.061,98.56603774,22,3,3.1,14.19908619,30.65994644,28.00724602,27.13372231,,25013,95615,6.5,12.01,11062.39,2933,19.36,45257,34.57
25017,Middlesex County,108177,6.9,1611699,7.397748379,106543,0.059,98.56603774,14,11.17837838,4.3,6.559989452,19.0468483,18.11096573,56.28219604,,25017,242295,3,3.69,12388.23,8331,19.06,112567,31.88
25021,Norfolk County,40148,5.8,706775,8.34465126,106851,0.053,98.56603774,16,11.17837838,2.4,6.077187061,19.23618507,21.08833885,53.59828949,,25021,118410,4.09,1.96,12946.38,4894,19.91,60322,32.22
25023,Plymouth County,37885,7.4,521202,9.151385501,90584,0.06,98.56603774,16,11.17837838,4.4,7.062721729,27.82401657,27.50045204,37.61280823,,25023,102615,3.81,2.26,12976.41,4662,20.03,55147,32.15
25025,Suffolk County,126266,16.7,803907,6.483914044,75843,0.057,25,16,2,2.6,13.65106106,22.11869812,18.16737556,46.06286621,,25025,97118,21.76,12.26,13710.89,3792,21.52,52751,35.32
25027,Worcester County,75546,9.4,830622,8.851125159,77795,0.063,33,16,2,3.1,9.250735283,27.76135063,26.5898819,36.39803314,,25027,143966,2.16,6.01,12477.44,4327,19.63,62081,32.6
26005,Allegan County,12648,10.8,118081,7.863840785,66568,0.076,98.56603774,13,11.17837838,6.2,9.075209618,37.86268616,30.43693542,22.62516975,,26005,22854,1.37,3.43,9416.54,341,16.13,6866,33.53
26049,Genesee County,66557,16.6,405813,11.21721696,50554,0.068,98.56603774,15,11.17837838,3.3,9.383992195,31.63178444,37.7796936,21.20452881,,26049,88895,19.17,1.61,12917.51,2521,20.14,29132,32.45
26065,Ingham County,47655,17.3,292406,7.691543754,54704,0.062,98.56603774,22,4,4.7,7.051656723,21.97970581,32.11305618,38.85557938,,26065,45678,11.6,4.07,10797.64,1423,18.5,21456,31.19
26077,Kalamazoo County,34247,13.3,265066,8.339845888,56739,0.072,98.56603774,18,11.17837838,3.7,6.430315495,21.95976639,32.76138687,38.84853363,,26077,46873,8.4,1.52,9541.31,763,15.58,15685,31.98
26081,Kent County,72323,11.2,656955,7.350960273,66560,0.078,27,18,3,3.2,9.281272888,24.12808418,30.86739349,35.72324753,,26081,102836,10.96,4.8,10035.18,1638,17.07,33208,35.64
26091,Lenawee County,11037,11.8,98451,10.24456743,55466,0.067,98.56603774,19,11.17837838,5.5,9.106858253,36.8543396,33.02825928,21.01054192,,26091,22269,0.95,4.5,10082.78,536,16.98,9769,33.96
26099,Macomb County,74273,8.6,873972,9.787224055,65051,0.074,98.56603774,16,11.17837838,6.2,10.06119061,29.70467567,35.38181305,24.85232162,,26099,169483,7.5,1.19,12562.27,5929,19.81,66333,33.45
26125,Oakland County,96558,7.8,1257584,8.732526793,81257,0.074,98.56603774,23,11.17837838,4.2,5.851759434,18.60292816,28.30308533,47.24222565,,26125,229547,13.07,1.51,12070.46,7841,19.85,88737,31.75
26139,Ottawa County,22048,7.8,291830,6.767095685,69827,0.075,21,18,15,6.9,7.017376423,28.24669266,30.6830101,34.0529213,,26139,49668,1.35,5.58,9249.76,534,14.83,11154,32.78
26147,St. Clair County,16375,10.4,159128,10.94421343,60208,0.069,98.56603774,17,76,7.3,9.223309517,34.04159164,38.11917114,18.61592674,,26151,10343,0.23,2.2,10648.36,301,17.06,5305,33.65
26161,Washtenaw County,44991,13,367601,6.642390827,76728,0.072,98.56603774,20,11.17837838,5,4.720676422,14.62175274,24.73044586,55.92712402,,26161,55329,11.62,1.53,10188.07,1465,18.82,21450,29.76
26163,Wayne County,341821,19.8,1749343,10.49433243,50753,0.073,88,27,43,4.4,13.51726151,30.07990837,32.46800995,23.93482208,,26163,315716,36.27,2.46,13383.01,13180,23.22,138640,37.28
27003,Anoka County,21793,6.2,356921,6.098299177,83363,0.061,54,16,11.17837838,3.2,6.016981602,27.90099335,35.57676315,30.50526428,,27003,54199,3.35,1.3,10950.38,1236,18.37,16512,31.6
27005,Becker County,3447,10.2,34423,10.84113236,61311,0.059,98.56603774,14,11.17837838,6,6.864723206,31.57171631,36.5946846,24.96887398,,27005,7957,0.27,0.38,11355.51,230,19.34,3035,31.09
27035,Crow Wing County,6749,10.5,65055,10.58152161,60384,0.054,98.56603774,12,11.17837838,4.2,5.920422077,29.92678452,39.46439362,24.68839836,,27035,17006,0.31,0.33,10392.72,312,15.4,6607,32.77
27053,Hennepin County,120032,9.7,1265843,6.934076349,82323,0.046,108,20,5,3,6.662693501,16.3950386,26.88082123,50.06144714,,27053,182671,9.03,1.48,10826.19,3805,18.07,58711,31.56
27083,Lyon County,2609,10.6,25474,8.931194547,63849,0.062,98.56603774,17,11.17837838,4.4,8.004626274,31.6837101,34.19162369,26.12003899,,27083,4656,0.64,1.42,9242.61,86,12.72,1939,29.55
27109,Olmsted County,10482,6.7,158293,7.004586033,80631,0.067,98.56603774,17,11.17837838,2.9,5.398641586,19.89626884,29.80906105,44.89603043,,27109,25296,1.6,1.08,10626.66,714,17.05,10210,30.63
27137,St. Louis County,24428,12.8,199070,10.45253351,60228,0.054,74,15,11.17837838,2.2,5.512007713,27.18792152,37.98147583,29.31859589,,27139,16976,1.66,1.5,11020.06,380,17.5,5727,34.45
28049,Hinds County,44973,20.1,231840,9.074891375,44773,0.053,75,22,4,5.8,12.45163536,24.97948265,33.54698181,29.02189827,,28049,40112,50.87,0.36,11921.2,1350,19.26,18547,32.35
28059,Jackson County,21371,15.1,143617,9.974053511,53414,0.059,98.56603774,17,6,12.4,11.28171825,31.24897003,36.37955093,21.08975983,,28059,26956,14.99,1.62,10139.74,1008,19.79,14649,34.99
29037,Cass County,8226,7.9,105780,9.43248365,73882,0.058,98.56603774,15,11.17837838,3.2,7.578272343,33.86957169,32.20411301,26.34804535,,29037,19725,2.25,1.33,10872.96,654,19.01,7410,34.23
29047,Clay County,22470,9.1,249948,7.265649556,70705,0.066,98.56603774,15,11.17837838,2.7,6.659738541,28.35371017,31.77405548,33.2124939,,29047,38598,2.44,2.29,10248.57,1049,16.66,16226,32.36
29077,Greene County,40634,14.4,293086,9.494299312,45313,0.056,81,17,11.17837838,3.4,8.249306679,27.9894371,33.26871872,30.49253845,,29077,56665,1.93,1.09,9313.56,1262,18.69,18988,32.82
29099,Jefferson County,18767,8.4,225081,9.56637619,68779,0.066,58,18,22,3.7,10.86253071,31.62203407,37.10151291,20.41392136,,29099,41925,0.72,0.99,11244.38,1120,19.07,14566,37.37
29189,St. Louis County,90474,9.3,994205,10.31856457,70161,0.074,98.56603774,21,12,2.7,6.504749298,21.19798088,28.64984131,43.64742661,,29189,190184,16.48,0.95,11196.91,5220,18.71,68861,34
30029,Flathead County,9689,9.4,103806,8.91056879,61334,0.052,167,38,11.17837838,1.8,5.289644241,29.44926643,34.25546265,31.00562668,,30029,22942,0.12,1.1,8197.04,317,12.78,6821,22.89
30049,Lewis and Clark County,6393,9.4,69432,9.460066351,66075,0.059,98.56603774,24,1,3.2,4.368148804,23.5615921,31.95623398,40.11402512,,30049,14296,0.21,1.06,7968.35,279,13.5,5407,25.45
30063,Missoula County,13748,11.8,119600,7.446272666,57279,0.055,132,33,11.17837838,3.5,4.358344078,21.65746307,30.98464966,42.99954224,,30063,21347,0.25,1.11,7851.74,364,12.3,9297,28.22
31055,Douglas County,57105,10.2,571327,7.024587815,67264,0.058,74,18,44,3,9.447485924,21.36626244,29.4763546,39.7098999,,31055,81332,7.47,2.79,9593.39,2111,17.01,30754,28.63
31109,Lancaster County,32535,10.7,319090,6.749347484,61383,0.054,98.56603774,17,25,2.9,6.323235512,21.53462791,32.62371445,39.51842117,,31109,46079,1.56,1.63,9789.38,1244,15.24,18033,26.9
32003,Clark County,296767,13.3,2266715,7.976709557,62131,0.078,210,33,5,3.9,13.91578293,28.48576164,33.139534,24.45892334,,32003,327726,10.47,11.05,12983.57,9775,22.1,114086,30.07
32031,Washoe County,49598,10.7,471519,8.616553742,71733,0.079,220,75,3,4,11.36194801,23.53225708,34.27078247,30.83501244,,32031,80642,2.01,7.77,9016,1826,17,30159,27.43
33001,Belknap County,5139,8.6,61303,12.6584346,68752,0.053,98.56603774,10,11.17837838,3.9,6.813849449,29.47865486,31.15219307,32.55530548,,33001,16607,0.26,0.55,9709.82,434,16.32,8970,31.82
33005,Cheshire County,6977,9.7,76085,9.448238654,65326,0.05,98.56603774,18,11.17837838,2.6,6.640221119,31.38500786,28.84886551,33.12590408,,33005,17055,0.31,0.57,10002.28,470,16.53,8514,30.51
33009,Grafton County,7601,9.2,89886,9.243430761,62468,0.05,98.56603774,14,11.17837838,2.7,7.156740189,26.48262596,25.73677063,40.62386322,,33009,19602,0.23,0.64,9957.63,469,16.03,9284,29.29
33011,Hillsborough County,30494,7.5,417025,8.152418972,82862,0.058,98.56603774,9,1,3.2,7.894411564,25.7765274,28.22391129,38.10514832,,33011,71258,0.91,2.52,10283.65,2386,18.31,35003,31.35
33015,Rockingham County,15522,5.1,309769,8.151364925,91416,0.06,33,13,6,2.7,4.868644714,25.35896492,28.32988548,41.44250488,,33015,59944,0.47,0.93,10297.48,1853,17.3,28619,30.1
34001,Atlantic County,29057,11.3,263670,10.58638249,62678,0.059,98.56603774,16,1,2.3,13.00114822,31.95704842,26.91199684,28.12980652,,34001,52956,10.41,6.8,13194.27,1980,18.82,24396,31.62
34007,Camden County,53641,10.7,506471,9.36194245,73168,0.062,40,19,7,2.8,11.30867481,29.54110527,26.69808006,32.45214081,,34007,87008,14.74,7.13,13060.87,3696,21.84,43308,33.75
34011,Cumberland County,19261,13.8,149527,9.561503455,54179,0.06,98.56603774,16,11.17837838,3.9,20.61849594,39.420681,24.39367294,15.56714916,,34011,26832,13.81,13.16,13826.11,1223,22.74,12139,34.04
34013,Essex County,107745,13.8,798975,8.083653356,64522,0.064,32,21,3,6.9,13.91257858,28.04102707,22.58871841,35.45767593,,34013,105357,28.2,9.7,14892.97,3140,20.38,36284,29.78
34019,Hunterdon County,4794,4,124371,8.09862829,117275,0.059,98.56603774,18,11.17837838,3.5,5.019652843,20.96721458,21.31522369,52.69791031,,34019,23491,1.4,2.28,11372.98,830,19.86,8903,27.66
34021,Mercer County,41600,11.9,367430,8.121062834,79475,0.07,98.56603774,16,11.17837838,3.2,11.49700642,24.55420303,21.34171486,42.60707474,,34021,59252,15.3,6.15,12983.99,1856,19.85,25089,32.6
34023,Middlesex County,68514,8.5,825062,7.611277384,92770,0.066,98.56603774,21,11.17837838,2.6,10.18360233,25.2938385,20.96324539,43.55931091,,34023,121144,6.76,7.88,12820.7,3943,19.79,44991,27.98
34029,Ocean County,53950,9,607186,11.73361662,75627,0.063,98.56603774,14,11.17837838,3.1,8.009059906,34.02141953,28.0156002,29.95392227,,34029,147366,1.64,2.98,13658.45,4817,18.63,64117,31.51
34041,Warren County,7313,7.1,105267,9.193766456,83998,0.054,98.56603774,18,6,3.3,8.504193306,30.62117958,27.85391235,33.02071381,,34041,20853,2.23,3.26,11865.3,785,18.05,10222,32.42
35001,Bernalillo County,103458,15.5,679121,8.766868928,56148,0.071,349,25,3,3.2,11.09099293,23.19092178,31.30723953,34.41084671,,35001,117552,2.79,27.54,8666.56,1477,16.43,27533,26.84
35013,Dona Ana County,50726,23.8,218195,7.417222193,43618,0.077,367,21,11.17837838,4.3,20.55162811,22.70498848,29.60338402,27.13999939,,35013,39088,1.42,35.41,8993.41,764,16.88,13965,30.72
35025,Lea County,10399,15.1,71070,7.211282029,63012,0.06,98.56603774,18,11.17837838,4.8,25.73731613,31.50308228,29.15125656,13.60834503,,35025,8657,3.88,34.92,10092.7,293,16.5,6867,34.26
35049,Santa Fe County,18378,12.4,150358,7.936851716,61791,0.069,98.56603774,13,11.17837838,5.9,10.66116714,22.31146812,25.98642731,41.04093552,,35049,37565,0.72,23.15,7652.54,392,12.28,10419,24.3
36001,Albany County,33970,11.7,305506,9.0705467,69408,0.053,98.56603774,23,2,5.5,7.85972929,22.9564991,27.36118889,41.82258224,,36001,55914,9.79,2.17,10268.61,1465,20.32,16823,28.38
36005,Bronx County,361834,26.2,1418207,7.820245912,41470,0.069,98.56603774,20,4,3.5,27.24437523,27.9246006,24.76208878,20.0689373,,36005,189765,32.51,30.8,17739.56,4468,22.75,43433,32.22
36013,Chautauqua County,19896,16.3,126903,10.99164619,50143,0.064,98.56603774,12,3,4.8,11.19228745,35.49493408,31.06449127,22.2482872,,36013,29733,1.36,3.11,9317.97,563,17.77,9184,32.5
36029,Erie County,118386,13.3,918702,10.62325835,60620,0.066,27,19,16,4.5,8.193429947,27.58625984,29.86465454,34.35565567,,36029,183418,14.02,3.02,10591.06,2332,18.37,38282,31.51
36031,Essex County,4338,12.4,36885,11.1361277,55091,0.059,98.56603774,9,1,3.5,8.535946846,34.43331909,30.22988129,26.80085182,,36031,9395,0.6,0.6,9449.09,195,15.25,5195,35.31
36055,Monroe County,90791,12.7,741770,9.016363629,62159,0.061,25,15,2,4.1,9.634739876,23.3512001,28.38361931,38.63043976,,36055,148096,16.06,6.27,11645.86,2634,22.47,32999,36.09
36067,Onondaga County,61412,13.8,460528,9.139243334,61597,0.058,98.56603774,14,1,4.8,8.987963676,25.39493179,29.72761726,35.88948822,,36067,88852,6.58,1.47,10570.51,2050,19.73,24550,28.51
36081,Queens County,245941,11,2253858,7.234242612,72975,0.068,26,16,6,4.1,17.9780426,27.54175949,22.31408119,32.16611862,,36081,325684,15.99,12.26,15318.76,7811,20.33,79849,27.15
36101,Steuben County,14089,15,95379,10.68819645,53167,0.053,98.56603774,12,1,4.5,9.5100317,36.73589325,30.10898018,23.64509583,,36101,21255,1.12,0.62,8933.46,420,17.13,7761,34.54
37021,Buncombe County,31045,12.2,261191,10.37563647,55448,0.054,98.56603774,12,11.17837838,4.6,8.935876846,23.23158455,27.69634247,40.13619614,,37021,57617,4.36,1.2,8791.79,1068,14.62,17701,24.62
37051,Cumberland County,57342,18,335509,7.905055618,46599,0.055,53,17,11.17837838,4.8,9.036074638,25.9436245,39.52250671,25.4977951,,37051,51291,37.11,4.25,10097.62,1980,21.66,26317,33.21
37063,Durham County,43009,14,321488,7.00114493,65541,0.053,29,18,2,3.3,11.64153767,17.71826363,22.42023849,48.21995926,,37063,43357,31.22,2.01,10945.32,1165,19.22,17110,29.17
37067,Forsyth County,56484,15.2,382295,8.769407139,53054,0.062,60,26,3,3.3,10.77070999,25.70292091,29.52667046,33.99969864,,37067,68919,20.65,2.34,10905.31,1314,18.99,20147,32.02
37081,Guilford County,83004,16,537174,8.603630089,55820,0.057,37,15,11.17837838,3.3,10.9407711,23.25808716,29.77494049,36.02620316,,37081,90891,24.67,1.73,10370.08,1584,18.34,24696,30.85
37101,Johnston County,25901,12.5,209339,7.853777992,62835,0.055,98.56603774,17,11.17837838,3.5,13.11865139,27.79735374,36.22973633,22.85425949,,37101,32572,14.1,2.9,10652.87,973,18.3,15533,34.48
37119,Mecklenburg County,112863,10.3,1110356,6.245616136,69455,0.06,49,18,2,3.5,9.720469475,16.99379349,27.90662575,45.37911224,,37119,130594,24.68,3.21,10326.38,3052,17.89,50523,31.09
37123,Montgomery County,4218,16.1,27173,9.917050691,46497,0.052,18,14,11.17837838,3.6,20.51876831,34.56347656,29.25453377,15.66322231,,37123,6067,16.66,1.27,10198.58,157,16.07,3188,36.79
37129,New Hanover County,29519,13,234473,8.715978651,57252,0.054,24,13,11.17837838,3.8,6.753333569,21.34194374,31.31802177,40.58670044,,37129,44700,11.7,1.12,9930.11,1095,16.02,19467,28.83
37147,Pitt County,33512,19.2,180742,7.94855641,52961,0.055,98.56603774,13,11.17837838,4.8,10.7444191,23.7775135,32.81879807,32.65927124,,37147,28879,35.21,1.26,11242.6,1295,21.11,17416,34.49
37159,Rowan County,19063,13.9,142088,11.08694424,52051,0.058,98.56603774,18,11.17837838,5.2,14.3563385,32.59315872,34.53753662,18.51296425,,37159,30160,11.79,1.59,10275.17,658,16.96,10818,33.47
37173,Swain County,2253,16.1,14271,15.49789621,46075,0.054,98.56603774,15,11.17837838,3.5,20.24915695,30.57285881,31.00173569,18.17624855,,37173,3738,0.61,0.76,11573.78,159,19.09,2173,33.31
37183,Wake County,87375,8,1111761,5.637679673,84377,0.054,46,20,2,3.4,7.00375843,15.12467384,25.11962509,52.75194168,,37183,134846,15.99,2.4,9568.28,2611,15.94,46592,28.1
38015,Burleigh County,6304,6.9,95626,7.951723921,73565,0.051,64,15,11,1.6,5.71669817,22.69479179,35.82318115,35.76532745,,38015,16406,0.31,0.43,8632.39,433,16.84,6165,26.97
38017,Cass County,20189,11.4,181923,6.16205203,63977,0.056,33,14,3,2.2,5.179396629,20.07027435,34.55971146,40.19061661,,38017,23033,1.1,0.93,9402.26,634,16.67,9568,27.54
38101,Ward County,5859,9,67641,7.255049722,68634,0.051,15,12,8,2.6,6.292196751,29.96601295,34.44862747,29.29316139,,38101,9506,1.24,0.95,9367.61,292,19.04,4582,28.73
39003,Allen County,12452,12.9,102351,10.52292809,58271,0.065,98.56603774,13,3,4.2,9.697013855,38.83867264,32.53163528,18.93267822,,39003,21052,8.6,0.77,11220.31,789,18.69,11099,37.01
39035,Cuyahoga County,195758,16.2,1235072,10.92300922,52503,0.074,73,22,19,5.9,10.17830658,27.76137543,29.53096008,32.52935791,,39035,238966,20.64,2.29,10956.85,6603,19.95,83657,33.71
39049,Franklin County,172890,13.5,1316756,7.641208419,64648,0.067,28,18,11.17837838,3.8,8.829772949,24.59548378,26.52506638,40.04967499,,39049,168573,16.34,1.2,10887.18,3587,18.15,53803,32
39061,Hamilton County,116077,14.6,817473,9.636736199,60251,0.07,48,25,28,3.8,8.628272057,26.28745079,27.16407585,37.92020035,,39061,137462,17.46,0.63,11165.76,3152,17.59,44479,30.96
39085,Lake County,18914,8.3,230149,10.78107381,65040,0.075,64,16,80,5.9,7.687799454,31.82062531,33.09789658,27.39367676,,39085,49436,2.28,0.93,10488.67,1264,18.44,15521,30.43
39093,Lorain County,41735,13.9,309833,9.995394944,59201,0.059,17,15,11.17837838,3.8,10.32266235,30.9764576,33.81910706,24.88177109,,39093,63172,4.5,4.08,10720.13,1722,18.55,23301,34.55
39103,Medina County,9739,5.5,179746,8.59156343,78540,0.064,98.56603774,16,11.17837838,5.8,4.941589355,30.96498489,30.1684742,33.92494965,,39103,34652,0.95,0.67,9886.89,797,17.82,11387,33.16
39113,Montgomery County,78917,15.3,531687,11.22180559,54704,0.071,48,20,11.17837838,3.7,9.909669876,27.75782967,34.45205688,27.88044548,,39113,104967,15.73,0.77,11132.26,2408,18.78,36936,34.83
39151,Stark County,46938,13,370606,11.03182028,55623,0.066,98.56603774,20,11.17837838,4.2,8.380234718,38.22478867,30.59253311,22.80244446,,39151,81820,5.6,0.78,9486.05,1156,16,21794,34.27
39153,Summit County,75226,14.2,541013,10.59530695,57753,0.062,98.56603774,19,4,3.6,8.253848076,30.20993614,29.07860184,32.4576149,,39153,107064,10.86,0.68,10077.14,2161,18.73,30752,33.83
39155,Trumbull County,29809,15.4,197974,12.49391571,47966,0.062,28,18,11.17837838,4.6,10.60737133,44.5407753,26.13062477,18.72122955,,39155,49646,5.55,0.86,10513.81,1159,18.93,14956,33.26
40027,Cleveland County,31942,11.7,284014,7.448954315,64706,0.063,98.56603774,25,11.17837838,4.6,8.169128418,24.68166161,33.7041893,33.44502258,,40027,42435,2.36,2.32,10642.83,1100,15.45,21571,32.85
40031,Comanche County,19406,17.6,120749,9.076704369,51184,0.064,98.56603774,19,11.17837838,2.7,9.962627411,32.77942276,35.06705093,22.1908989,,40031,18190,14.47,5.1,10910.1,997,20.57,13299,36.67
40071,Kay County,6812,16.1,43538,13.16842322,48522,0.056,98.56603774,21,23,3.1,13.15548611,32.42940903,35.50387955,18.91122246,,40071,9793,1.47,1.72,10600.53,328,17,6518,35.64
40109,Oklahoma County,116741,14.9,797434,9.032592015,56272,0.069,120,22,2,3.2,12.60580444,25.66926575,29.73661423,31.98831749,,40109,118847,12.22,3.79,11485.75,3374,16.95,63040,34.66
40121,Pittsburg County,8136,19.7,43654,14.07613912,47215,0.057,98.56603774,22,11.17837838,3.7,13.022192,38.20336914,32.66337967,16.11105728,,40121,10003,2.03,1.14,11326.5,364,16.66,5969,34.23
40135,Sequoyah County,8864,21.6,41569,13.10820887,43038,0.053,98.56603774,20,11.17837838,2.9,18.71567345,38.64244461,28.24602127,14.39585972,,40135,9309,1.78,0.84,11175.29,349,18.27,5731,35.43
40143,Tulsa County,91457,14.3,651552,9.462491389,57668,0.061,96,20,7,1.8,10.5929842,25.35909653,32.23201752,31.81590271,,40143,103933,8.8,2.74,11150.28,3620,19.9,42347,30.83
41029,Jackson County,29613,13.6,220944,10.55966209,56367,0.06,46,63,11.17837838,5.2,9.923949242,26.06222153,36.17258835,27.84124184,,41029,54685,0.51,3.42,8764.81,854,14.23,19978,28.04
41039,Lane County,52146,13.9,382067,9.547524638,57212,0.055,579,240,11.17837838,6,8.102257729,23.19745064,38.23959732,30.46069527,,41039,83898,0.84,2.57,8676.57,1214,16.81,23805,29.57
41051,Multnomah County,95902,12,812855,7.460261775,72469,0.059,35,31,2,3.9,8.527644157,16.95329475,28.66130829,45.85775375,,41051,116915,5.87,3.83,9821.29,1375,17.69,27202,29.35
41067,Washington County,48575,8.2,601592,5.97749179,85665,0.059,98.56603774,30,11.17837838,5.7,7.814829826,17.370327,30.37080956,44.44403076,,41067,81630,1.34,6.24,9585.53,804,15.42,17125,28.39
42003,Allegheny County,127238,10.8,1216045,11.25619831,64799,0.071,72,27,65,4.5,5.42561245,26.97244072,25.9541626,41.64778519,,42003,244060,11.04,0.82,10687.72,4176,19.69,48568,31.47
42005,Armstrong County,7076,11.1,64735,13.54478157,56259,0.07,98.56603774,16,11.17837838,3.4,9.691357613,48.96707916,24.60082245,16.74073982,,42005,16630,1.02,0.22,9506.69,182,15.73,3448,34.1
42007,Beaver County,18879,11.7,163929,12.60840581,60323,0.067,56,24,10,4.2,6.920426846,36.79959106,31.57053185,24.70945168,,42007,39925,5.1,0.75,10123.36,481,15.84,8040,32.26
42011,Berks County,41916,10.2,421164,9.231394345,67418,0.065,98.56603774,19,11.17837838,4.6,13.32825565,36.67491913,25.09538841,24.90143776,,42011,80335,2.56,5.52,10994.8,2307,17.65,27358,29.6
42013,Blair County,17657,14.9,121829,13.25245977,51004,0.063,98.56603774,19,4,4.8,8.589865685,45.03661346,25.0983181,21.2752018,,42013,30118,1.07,0.48,11252.84,669,18.35,8308,31.7
42015,Bradford County,8527,14.3,60323,11.97189495,51356,0.054,98.56603774,16,11.17837838,4.4,9.8934021,47.03314209,24.35495567,18.71850204,,42015,14482,0.26,0.49,8744.47,434,16.06,7461,35.25
42021,Cambria County,18583,14.9,130192,13.2012949,48798,0.06,40,21,8,3.9,8.04194355,45.3759346,25.46125031,21.12087059,,42021,35291,2.87,0.88,11226.13,679,20.9,7606,32.85
42027,Centre County,22610,15.9,162385,6.800292936,61036,0.059,98.56603774,19,2,6.1,5.707093239,29.39885902,19.4425354,45.45151138,,42027,23198,0.76,0.66,10518.07,409,15.85,6959,31.69
42029,Chester County,30184,5.9,524989,8.010887472,102233,0.06,98.56603774,20,11.17837838,5.5,6.353645325,20.82766151,19.83023453,52.98846054,,42029,86959,4.53,1.87,10601.35,2461,16.46,31616,26.93
42043,Dauphin County,30942,11.3,278299,9.283759905,60763,0.062,40,29,11.17837838,4.8,10.20845032,33.19394684,25.77599525,30.82160568,,42043,52622,12.38,2.96,11623.3,1203,18.79,14150,29.89
42045,Delaware County,54091,9.9,566747,9.724570619,76783,0.062,98.56603774,23,11.17837838,3.4,6.921038151,30.2047348,23.84692764,39.02729797,,42045,98597,12.15,1.32,12354.6,3190,18.36,39448,30.14
42049,Erie County,42666,16.6,269728,10.34969479,51923,0.061,37,16,11.17837838,4.1,8.672930717,38.50879288,24.92720985,27.8910656,,42049,56833,4.26,1.65,9972.56,1286,19.13,17454,32.49
42051,Fayette County,21995,17.5,129274,14.02173369,48055,0.06,98.56603774,17,11.17837838,5,11.5723362,48.00611496,23.13947296,17.28207588,,42051,33048,2.8,0.38,9547.14,562,18.87,8394,31.89
42069,Lackawanna County,28812,14.2,209674,12.0492543,53655,0.057,98.56603774,19,11.17837838,4.8,8.974238396,36.85747147,25.86688232,28.30140495,,42069,48830,1.64,2.31,10442.54,1503,17.94,23569,32.69
42071,Lancaster County,55968,10.5,545724,9.470557304,67515,0.062,59,28,11.17837838,4.5,14.95193291,35.29547501,22.47831535,27.27427673,,42071,105165,1.76,3.02,9342.06,1722,13.85,28327,26.84
42081,Lycoming County,14642,13.6,113299,11.6215086,53762,0.058,98.56603774,19,11.17837838,4.6,9.940133095,38.89358139,27.79833984,23.36794472,,42081,25847,2.54,0.49,9387.49,464,13.95,8620,28.17
42085,Mercer County,13469,13.1,109424,13.01530276,54099,0.063,98.56603774,18,11.17837838,4.9,10.09953499,43.03887558,24.10811806,22.75347137,,42085,27920,4.07,0.38,10201.87,637,18.41,9706,36.47
42091,Montgomery County,48819,6,830915,9.447238242,92340,0.066,98.56603774,21,11.17837838,4.8,5.584110737,23.5724411,21.56243134,49.2810173,,42091,149976,6.25,1.31,11413.35,4335,17.4,57442,29.03
42101,Philadelphia County,352748,23,1584064,9.824930485,47598,0.07,98.56603774,25,5,5.7,15.31916142,32.59341431,22.39902496,29.68839836,,42101,238735,37.64,5.67,14144.79,7974,22.05,94464,35.03
42117,Tioga County,5254,13.4,40591,11.83548431,51324,0.057,98.56603774,14,11.17837838,5.3,9.583776474,45.34879684,25.97536278,19.0920639,,42117,10210,0.35,0.45,7713.58,228,16.43,3807,30.03
42125,Washington County,19860,9.9,206865,12.12419935,65558,0.062,98.56603774,17,8,4.9,6.864074707,37.33049774,25.76058578,30.04484367,,42125,47539,2.62,0.7,9922.24,721,18.08,10134,31.72
42129,Westmoreland County,35870,10.5,348899,12.68306075,59407,0.057,98.56603774,16,11.17837838,4.6,5.617653847,36.93712997,28.34361839,29.10159683,,42129,88506,2.06,0.64,10383.69,1436,19.19,16747,30.56
42133,York County,40477,9.2,449058,9.189379031,69101,0.058,98.56603774,26,6,4.6,10.12385368,39.56264496,25.45736313,24.85613823,,42133,88213,3.19,2.03,10659.46,2032,16.57,26019,27.2
44003,Kent County,13152,8.1,164292,10.19050085,74230,0.065,98.56603774,10,11.17837838,3.6,7.830289841,27.99058151,30.90390778,33.27522278,,44003,35607,1.1,1.93,10934.88,741,17.86,10629,30.6
44007,Providence County,85644,14,638931,8.696715375,62165,0.064,30,20,1,3.3,14.22984505,30.98220634,25.81340599,28.97454453,,44007,107690,4.76,7.98,10733.14,2481,20.52,30858,30.78
44009,Washington County,9524,8,125577,9.909645017,86450,0.067,98.56603774,11,11.17837838,3.2,5.062208176,22.84815598,25.95971489,46.12992096,,44009,27928,0.63,1,10168.41,640,16.62,9429,30.43
45019,Charleston County,46853,11.7,411406,8.876897562,70980,0.053,45,16,2,2.5,8.324847221,22.73489189,25.33778381,43.60247803,,45019,69332,21.48,0.93,9983.79,1704,16.8,32687,29.7
45025,Chesterfield County,8937,19.9,45650,12.47664726,42441,0.056,98.56603774,14,11.17837838,2.9,23.34984016,41.33705139,24.96082306,10.35228443,,45025,9518,25.1,0.43,9580.9,299,17.8,5371,35.56
45037,Edgefield County,3839,15.7,27260,11.06780409,52591,0.054,98.56603774,17,11.17837838,4,17.06994629,36.7069931,29.55978012,16.66327858,,45037,5444,24.81,0.83,10544.67,122,15.01,2120,31.08
45045,Greenville County,54815,10.7,523542,8.66145297,64399,0.059,48,20,1,2.8,11.9823904,23.75409508,29.19158745,35.07192612,,45045,93411,9.85,1.56,9476.16,1612,15.28,31580,27.82
45079,Richland County,62567,16.2,415759,7.788317764,52905,0.055,98.56603774,16,2,4.6,8.530229568,22.4724884,29.91233635,39.08494568,,45079,62580,38,1.51,9638.35,1383,15.95,25583,27.84
45083,Spartanburg County,40129,12.9,319785,10.02647013,55588,0.064,98.56603774,17,11.17837838,2.7,14.30290413,29.30372238,31.87348938,24.51988411,,45083,62799,11.53,1.1,9815.6,1197,16.41,20668,29.62
45091,York County,23679,8.6,280979,8.028682622,68468,0.054,98.56603774,15,2,3.4,9.19636631,25.1129837,32.38192749,33.30872345,,45091,45137,11.52,1.36,9888.64,1202,16.87,17679,29.13
46033,Custer County,834,9.6,8972,10.00899685,63665,0.063,55,16,11.17837838,2.9,6.390377998,34.95145798,35.13983536,23.51833153,,46033,2733,0,0.76,8983.03,57,14.47,1066,24.89
46099,Minnehaha County,16209,8.7,193134,7.367374247,63162,0.064,71,16,4,5.3,7.544490814,26.35328102,33.03941727,33.06281281,,46099,33054,1.3,1.11,9258.56,890,15.89,12870,27.5
47009,Blount County,13649,10.5,133088,10.69514672,59368,0.058,98.56603774,15,1,4.4,10.87692928,34.60938644,30.33819008,24.17549324,,47009,30810,1.85,0.56,9399.15,727,17.4,9436,28.83
47037,Davidson County,84547,12.6,694144,8.038074329,63846,0.061,58,20,2,3.5,10.92899513,22.08756256,25.28174591,41.70169449,,47037,89756,21.58,1.65,10891.58,2514,19.97,30177,30.48
47065,Hamilton County,45523,12.7,367804,10.15712399,57802,0.058,98.56603774,20,11.17837838,4.1,10.52017975,26.9121685,30.38948441,32.17816544,,47065,70215,11.56,0.87,10663.32,1345,15,24692,32.45
47093,Knox County,61334,13.4,470313,9.712023968,60316,0.053,45,20,11.17837838,3.7,8.284959793,25.27483559,28.79467964,37.64552689,,47093,84681,5.9,0.87,9312.52,1660,16.88,23910,27.97
47105,Loudon County,5182,9.7,54068,11.42323845,65226,0.059,98.56603774,14,11.17837838,4,13.81525707,32.36791992,27.37196732,26.44485664,,47105,16014,0.8,1.06,8526.58,277,15.19,4595,27.57
47157,Shelby County,157667,17.2,937166,9.056695619,52659,0.062,64,20,2,4.2,11.58861923,27.52166557,29.27843666,31.61127663,,47157,139728,35.85,0.96,11340.34,4638,19.5,60431,31.91
47163,Sullivan County,23452,15.1,158348,12.45145547,51303,0.056,98.56603774,13,73,3,12.84264183,34.69924164,28.84659004,23.61152267,,47163,41381,1.42,0.45,8547.37,605,17.05,8594,28.89
47165,Sumner County,16330,8.6,191283,8.981632799,69391,0.063,98.56603774,15,11.17837838,4.4,10.25645065,30.91973877,30.74627876,28.07753181,,47165,33537,5.08,1.03,10975.53,1045,20.22,11776,32.89
48027,Bell County,48565,13.8,362924,6.414959329,54831,0.064,98.56603774,21,11.17837838,2.3,8.967988968,26.00381088,39.87679672,25.15140533,,48027,48412,19.89,12.78,10243.47,1186,17.33,18740,29.59
48029,Bexar County,298018,15.2,2003554,7.135219077,58956,0.074,80,23,6,4.4,15.82407951,25.36130333,30.80089569,28.01372147,,48029,277019,7.95,32.15,10917.58,5456,18.08,72591,27.2
48061,Cameron County,106976,25.5,423163,6.596459017,40893,0.053,98.56603774,36,11.17837838,3.2,32.10255432,26.36746788,24.20527077,17.32470703,,48061,61057,0.44,67.95,12870.82,1793,21.35,19687,33.34
48113,Dallas County,363567,14,2635516,6.475758357,61807,0.069,73,21,11.17837838,4.1,20.65736961,22.61416817,25.25168228,31.47677994,,48113,291577,19.43,12.44,13648.58,7904,19.29,110638,31.64
48121,Denton County,56476,6.5,887207,4.860396759,90910,0.071,98.56603774,20,11.17837838,2.7,7.496222973,17.83364868,29.57240295,45.09772491,,48119,1335,5.01,2.45,12006.32,25,11.9,681,34.54
48139,Ellis County,15932,8.7,184826,7.377031157,78341,0.061,98.56603774,19,6,2.7,13.80742264,27.7007618,34.15520477,24.3366127,,48141,122927,4.62,55.55,10845.59,2013,20.27,25544,29.56
48141,El Paso County,154504,18.8,839238,6.625049297,48629,0.079,99,24,7,2.3,21.53364182,23.71015167,31.44180298,23.31440353,,48139,26240,8.19,8.8,12021.65,632,16.08,11545,34.09
48167,Galveston County,38181,11.3,342139,8.632391025,73214,0.068,87,28,11.17837838,2.6,10.98773575,24.88808823,33.00980759,31.11436653,,48167,52497,12.8,9.88,14243.87,1961,21.42,20492,32.2
48201,Harris County,701075,15,4713325,5.99827325,61638,0.073,101,34,14,3,18.58701134,23.39652634,26.56630898,31.45015335,,48201,499456,16.19,14.06,14011.86,11994,20.52,142258,29.85
48203,Harrison County,11600,17.8,66553,10.53050617,55171,0.055,98.56603774,23,33,4.6,14.74442196,33.95318985,32.21895599,19.08342934,,48203,12680,17.9,2.38,11217.71,377,19.04,5608,33.5
48215,Hidalgo County,231032,26.9,868707,5.311365363,41656,0.055,82,33,11.17837838,2.6,34.27867889,23.48412132,23.5308609,18.70633888,,48215,101259,0.35,70.86,13925.28,2747,21.85,29905,34.34
48245,Jefferson County,39998,16.9,251565,10.05548743,55173,0.065,98.56603774,24,47,6.1,15.79741383,31.91133118,32.64076996,19.65048409,,48245,41185,26.59,6.71,12840.29,939,18.52,15098,33.09
48355,Nueces County,58465,16.5,362294,8.217362492,56079,0.064,84,27,3,6.3,17.17651558,29.26260757,31.72142982,21.83944702,,48355,56694,3.55,35.34,12393.66,1032,17.96,15434,30.73
48361,Orange County,10307,12.5,83396,11.26625517,62976,0.062,98.56603774,22,11.17837838,2.7,12.07360268,37.23970795,35.17518997,15.51149845,,48361,15849,6.28,2.32,12416.4,365,17.8,5165,29.23
48439,Tarrant County,211454,10.2,2102515,6.594707742,70130,0.077,98.56603774,23,11.17837838,3.7,13.88807678,23.96325111,29.87598228,32.27268982,,48439,251423,11.31,9.32,12481.71,5990,18.47,92249,33.57
48453,Travis County,134983,10.8,1273954,4.916434109,80690,0.063,91,23,11.17837838,4.1,10.66759205,16.48980522,22.86098862,49.98161316,,48453,124743,7.65,12.97,10991.14,2935,17.17,45180,28.34
48479,Webb County,57053,20.9,276652,4.9948167,52576,0.06,72,28,11.17837838,2.4,32.43834305,25.30464363,23.32412529,18.93288612,,48479,30239,0.25,85.32,12267.46,909,19.45,12121,30.43
49005,Cache County,16243,13.1,128289,4.405372827,63180,0.068,260,29,11.17837838,3,6.858145714,20.23775291,34.58433151,38.31977081,,49005,13276,0.18,3.18,9828.89,132,11.06,3712,30.21
49011,Davis County,19344,5.5,355481,4.879829942,87610,0.08,98.56603774,27,11.17837838,3.6,4.35759449,21.15809059,36.72709274,37.75722122,,49011,37301,1,3.95,9576.14,441,12.04,10486,26.61
49035,Salt Lake County,103036,9,1160437,5.838565104,79941,0.08,112,33,5,4.6,9.183904648,22.62474823,32.62113953,35.5702095,,49035,127650,0.94,6.07,10203.16,1726,14.04,35725,28.84
49045,Tooele County,3829,5.3,72259,4.963162927,80196,0.07,98.56603774,26,11.17837838,3,8.730077744,29.28586006,37.7451973,24.23886299,,49045,7164,0.52,7.71,10273.78,120,12.85,2589,29.68
49049,Utah County,60411,9.7,636235,3.84653609,79505,0.07,90,26,11.17837838,2.8,5.400875092,16.38728333,37.40374756,40.80809402,,49049,51742,0.24,4.16,10068.99,662,12.61,14438,28.17
49053,Washington County,16590,9.5,177556,7.836779588,64388,0.067,98.56603774,17,11.17837838,2.3,7.092789173,23.38589668,41.46460342,28.0567131,,49053,37364,0.24,2.53,9379.23,541,12.16,12381,27.09
49057,Weber County,17647,6.9,260213,6.28404179,71835,0.074,77,23,11.17837838,2.9,9.356146812,29.58346367,36.58097839,24.47941017,,49057,33095,1.12,6.77,9773.47,456,12.72,11193,29.9
50003,Bennington County,3399,10,35470,12.593323,56948,0.053,98.56603774,18,11.17837838,2.3,8.828722954,29.07200241,25.89366341,36.20561218,,50003,9394,0.35,0.77,9980.1,327,17.85,6283,33.74
50007,Chittenden County,16084,10.5,163774,7.032335915,76483,0.056,16,18,1,2.9,5.630805016,18.99463272,24.05134201,51.3232193,,50007,27400,0.87,0.86,8631.23,746,16.58,13165,27.75
50021,Rutland County,6033,10.8,58191,11.45675461,51903,0.053,29,22,2,2.3,7.402810097,34.43325424,27.33021164,30.83372307,,50021,15746,0.33,0.46,10285.23,571,17.5,9659,32.98
51003,Albemarle County,6882,6.7,109330,8.212873265,86332,0.055,98.56603774,12,11.17837838,2.7,7.936986923,15.75743484,21.16895485,55.13662338,,51003,19656,6.48,0.82,8976.94,466,14.39,8893,27.53
51013,Arlington County,17774,7.6,236842,4.314109464,118986,0.062,98.56603774,18,11.17837838,3.1,5.661959171,7.796900272,11.24182701,75.29931641,,51013,19766,9.68,7.52,9262.54,474,16.4,8690,27.19
51041,Chesterfield County,22943,6.6,352802,7.479856165,81641,0.054,98.56603774,11,11.17837838,3.3,7.66650486,23.56347656,28.29850578,40.47151184,,51041,57178,15.9,1.64,10018.3,1720,17,24899,30.22
51059,Fairfax County,68543,6,1147532,4.972136263,127898,0.057,16,16,2,3.1,7.52056551,12.79502487,18.12986374,61.55454636,,51059,126218,6.74,5.62,8990.96,2752,15.69,47768,26.22
51069,Frederick County,5731,6.5,89313,8.507713284,83672,0.052,98.56603774,16,11.17837838,2.2,10.81696892,32.37886047,28.54868889,28.25547791,,51069,15831,2.29,1.65,8985.1,476,16.88,7417,29.31
51087,Henrico County,28486,8.7,330818,8.584276406,68975,0.055,24,15,2,3.8,8.264306068,21.2253933,26.79367638,43.71662521,,51087,53550,22.01,1.08,10465.15,1352,15.78,23274,31.33
51161,Roanoke County,5918,6.5,94186,11.24968131,71742,0.054,98.56603774,15,3,2.4,7.667821407,25.01406479,31.75357628,35.56453705,,51161,22566,3.34,0.61,8875.12,594,16.43,8783,28.11
51165,Rockingham County,6482,8.1,81948,9.460262608,67242,0.053,98.56603774,14,2,2.4,16.03138161,35.12086868,22.49890709,26.34884262,,51165,17095,1.06,1.16,9645.84,644,17.72,9672,32.31
53011,Clark County,44548,9.2,488241,7.767607057,80407,0.054,98.56603774,147,11.17837838,4.8,7.334781647,24.24372101,37.80718994,30.6143055,,53011,82620,1.96,3.38,9505.57,1041,16.62,19153,30.41
53033,King County,171116,7.7,2252782,6.211357541,102338,0.06,38,61,4,5,6.887615681,14.9953928,25.62376785,52.49322128,,53033,288148,5.02,2.94,9791.93,5017,16.53,90580,28.19
53053,Pierce County,83128,9.4,904980,8.099020646,78779,0.06,98.56603774,41,11.17837838,7,8.450787544,27.2444191,37.14997101,27.1548233,,53053,141242,5.82,3.23,9373.05,3155,17.76,50324,28.29
53063,Spokane County,65750,12.9,522798,9.260894191,59976,0.055,343,31,11.17837838,5.4,6.169050217,23.24102592,39.82147217,30.76844978,,53063,99650,1.14,1.54,9865.38,1460,14.51,35456,30.88
53073,Whatcom County,28310,12.7,229247,7.314432581,68656,0.05,98.56603774,42,62,6.6,7.176258087,23.36368752,35.19832611,34.26172638,,53073,44027,0.73,2.69,9010.94,648,13.86,13217,26.01
54003,Berkeley County,12942,11,119171,8.942205603,63012,0.055,98.56603774,23,11.17837838,4.9,10.95205688,37.61394119,30.19589996,21.23810196,,54003,19934,6.21,1.54,9138.6,576,17.21,10646,33.73
54011,Cabell County,16337,18.5,91945,11.74180993,42125,0.058,98.56603774,14,11.17837838,7.4,11.96640873,33.28306198,28.70636368,26.04416275,,54011,20416,3.9,0.49,10670.68,653,19.29,9853,34.74
54029,Hancock County,3559,12.5,28810,15.20150633,51017,0.066,27,17,21,4.6,9.626872063,41.94007874,31.06332207,17.36972618,,54029,7388,1.8,0.61,12388.71,416,22.2,4320,39.81
54039,Kanawha County,28499,16.3,178124,13.78390892,48334,0.057,98.56603774,14,4,5,11.33965397,37.12578964,26.07501984,25.45953751,,54039,44518,5.55,0.38,10196.47,1467,19.98,18661,32.48
54061,Monongalia County,18887,19.1,105612,6.920284196,55652,0.062,98.56603774,16,10,5.7,7.635043621,27.2069931,22.31476784,42.84319687,,54061,13395,2.5,0.78,10653.99,491,20.54,5685,33.01
54069,Ohio County,5504,14.1,41411,14.10077482,50390,0.063,98.56603774,15,11.17837838,3.9,6.514285564,34.19831848,27.30420113,31.98319244,,54069,10053,3.12,0.43,10680.55,315,20.05,4051,34.32
54107,Wood County,11627,14.1,83518,12.85644432,49209,0.058,98.56603774,15,19,7.3,10.14990425,34.35250473,33.62939835,21.86819077,,54107,21403,0.95,0.4,10911.08,1024,21.26,13672,39.34
55009,Brown County,25456,9.9,264542,6.886397186,65494,0.064,98.56603774,18,6,3.9,7.895158768,29.87069511,31.94026184,30.29388428,,55009,45944,1.3,2.2,9026,536,14.71,12273,32.21
55025,Dane County,50163,9.4,546695,6.200379739,77828,0.069,33,18,2,3,4.200901508,17.78911781,26.65816116,51.35181808,,55025,79982,3.45,1.36,8160.7,1658,16.25,28896,27.07
55027,Dodge County,6512,8,87839,9.950362038,61730,0.067,51,18,2,4.1,9.217173576,40.88022614,32.89834213,17.00426102,,55027,17573,0.37,1.29,9181.56,336,15.82,7292,35.17
55035,Eau Claire County,10586,10.6,104646,7.234415146,64972,0.063,47,17,11.17837838,4.1,5.923121452,25.03587532,36.70350647,32.3374939,,55035,19400,0.57,0.73,9561.66,480,16.69,8355,32.46
55059,Kenosha County,16248,9.8,169561,8.088936946,66460,0.078,98.56603774,18,11.17837838,3.1,9.900298119,30.08041573,33.87474823,26.14453697,,55059,28189,4.16,3.59,10012.13,672,16.52,12637,34.24
55063,La Crosse County,13280,11.8,118016,8.44711235,59758,0.061,98.56603774,18,11.17837838,3.9,5.002915382,25.43071365,34.69969177,34.86667633,,55063,22209,1.13,0.69,8211.88,277,12.89,9140,32.55
55079,Milwaukee County,156647,16.9,945726,8.692367233,53505,0.075,46,21,2,3.8,11.71352291,28.36780357,28.95211601,30.96655846,,55079,148662,19.12,5.94,11585.68,3516,18.97,54720,35.56
55087,Outagamie County,13110,7.1,187885,7.044433297,66994,0.067,98.56603774,19,67,3.5,5.871629715,31.67623329,32.78194046,29.67019844,,55087,32369,0.89,1.74,7945.27,315,14.72,6299,28.55
55089,Ozaukee County,3926,4.5,89221,9.378505721,90446,0.073,98.56603774,17,11.17837838,4.2,3.160369635,19.95459747,27.92119408,48.96384048,,55089,19179,0.96,0.65,8901.3,327,15.01,5854,28.91
55133,Waukesha County,18915,4.7,404198,8.892800476,91070,0.067,45,19,11.17837838,4,3.770127535,22.65514565,29.10834694,44.46638107,,55133,82714,1.45,1.56,9684.51,1517,16.04,25336,30.26
56001,Albany County,5861,16,38880,5.102566746,52216,0.066,184,38,11.17837838,3.7,4.050845146,14.68547726,29.49667168,51.76700592,,56001,4805,0.48,6.2,8952.47,103,13.5,2595,28.91
56021,Laramie County,9194,9.5,99500,8.812038414,69613,0.06,127,31,11.17837838,3.5,6.998288155,25.76799583,38.71805573,28.51565933,,56021,18023,1.74,7.91,9947.84,569,15.11,10418,29.24
56025,Natrona County,7735,9.9,79858,9.230788579,66104,0.066,56,35,12,3.5,7.533704758,30.33346176,39.33491516,22.79791832,,56025,13660,0.78,3.31,9973.4,464,16.07,7986,30.23
56033,Sheridan County,2500,8.5,30485,11.39957828,64030,0.059,52,34,11.17837838,4.2,4.672548294,25.63599777,38.73406982,30.9573822,,56033,6866,0.22,1.48,7799.89,124,12.04,3148,26.46
56037,Sweetwater County,3453,8.3,42343,6.995223061,80639,0.064,301,16,7,3.6,7.213360786,33.04127121,37.24697876,22.4983902,,56037,5950,0.64,8.19,8830.88,122,12.99,3338,29.24
,,,,,,,,,,,,,,,,,,,,,,,,,
